Image Name,Description
sneaker.png,The latest collection from our fashion brand is here! This pair of shoes are made with high quality materials that will keep you comfortable all day long. They feature a unique design that makes them perfect for any occasion. These sneakers have been designed in collaboration with some of the most talented designers around the world. We're proud to be able to offer these amazing products at such great prices. If you want to make your feet look good while also feeling confident about what's underfoot then we highly recommend giving these a try.
bag.png,"The latest fashion accessory from our collection is here! This stunning pink leather handbag has everything you need in one convenient package. It's not just any bag; it's a statement piece that will make your day look like a dream come true. 

The design of this beauty is simple yet elegant with its clean lines and classic shape. Its sturdy construction ensures durability while maintaining a light weight so you can carry it around without feeling heavy or cumbersome. And don't worry about size - there are plenty of options available to suit every body type. Whether you're looking for something small enough to fit into your pocket or large enough to hold all your essentials, we've got you covered.

But what really sets this model apart? Well, besides being made entirely out of high quality materials (we promise they last), each item comes adorned with unique details such as metallic accents which add both style points and practicality. These elements give off a luxurious vibe but also ensure easy cleaning should things get messy during your busy days.

If you want to keep up with trends effortlessly then look no further than our selection at [Brand Name]. With their wide range of products including bags, wallets, jewelry etc., they offer more than meets the eye. So why wait when you could be wearing your new favorite outfit today thanks to these beautiful accessories?

Don't miss out on getting yours now before they sell out quickly due to popular demand. Remember, shopping online gives us access to top brands worldwide"
